time, color, angle
3017,48,10
3057,43,10
3098,41,10
3139,35,-10
3179,27,-10
3219,25,-10
3259,29,-10
3303,41,10
3346,49,10
3387,51,10
3428,45,10
3473,41,10
3516,36,-10
3557,32,-10
3598,27,-10
3639,31,-10
3681,34,-10
3721,40,0
3766,45,10
3806,47,10
3846,45,10
3886,42,10
3930,36,-10
3975,33,-10
4016,33,-10
4057,39,-10
4097,42,10
4144,46,10
4185,49,10
4226,48,10
4266,44,10
4306,43,10
4347,41,10
4387,39,-10
4427,35,-10
4468,34,-10
4509,37,-10
4550,41,10
4590,50,10
4631,50,10
4671,44,10
4715,42,10
4756,41,10
4796,39,-10
4836,29,-10
4876,26,-10
4917,28,-10
4958,33,-10
5001,39,-10
5041,42,10
5084,48,10
5126,52,10
5166,49,10
5207,40,0
5248,36,-10
5289,34,-10
5329,35,-10
5369,41,10
5410,44,10
5450,47,10
5494,46,10
5536,40,0
5577,36,-10
5617,34,-10
5660,34,-10
5703,40,0
5746,44,10
5786,46,10
5827,46,10
5867,43,10
5908,41,10
5951,36,-10
5995,31,-10
6046,30,-10
6089,36,-10
6130,40,0
6173,45,10
6216,53,10
6257,51,10
6298,49,10
6345,44,10
6386,40,0
6426,33,-10
6466,30,-10
6506,30,-10
6546,31,-10
6586,37,-10
6626,39,-10
6667,44,10
6709,49,10
6750,53,10
6790,50,10
6830,47,10
6871,43,10
6916,38,-10
6956,29,-10
6997,26,-10
7038,28,-10
7078,35,-10
7119,44,10
7160,48,10
7200,53,10
7240,49,10
7281,46,10
7325,40,0
7365,33,-10
7407,30,-10
7447,31,-10
7488,32,-10
7533,42,10
7575,48,10
7616,49,10
7656,44,10
7697,39,-10
7737,33,-10
7777,31,-10
7817,39,-10
7858,43,10
7901,40,0
7944,47,10
7985,38,-10
8026,39,-10
8067,32,-10
8107,34,-10
8147,40,0
8189,47,10
8229,49,10
8269,49,10
8309,45,10
8350,44,10
8390,44,10
8434,42,10
8477,41,10
8518,37,-10
8563,34,-10
8606,38,-10
17987,48,10
18027,42,10
18067,39,-10
18109,34,-10
18151,32,-10
18195,36,-10
18236,41,10
18276,44,10
18317,45,10
18360,41,10
18403,37,-10
18446,35,-10
18486,33,-10
18527,34,-10
18567,39,-10
18607,42,10
18651,46,10
18693,46,10
18737,45,10
18778,42,10
18818,40,0
18858,37,-10
18899,36,-10
18942,37,-10
18985,44,10
19026,48,10
19066,48,10
19106,46,10
19146,43,10
19186,41,10
19227,37,-10
19267,34,-10
19309,31,-10
19351,34,-10
19396,39,-10
19436,43,10
19477,47,10
19518,48,10
19561,45,10
19605,42,10
19646,38,-10
19686,36,-10
19730,35,-10
19771,36,-10
19811,48,10
19856,51,10
19896,52,10
19936,49,10
19976,45,10
20016,43,10
20056,39,-10
20097,34,-10
20138,31,-10
20179,33,-10
20220,36,-10
20260,41,10
20301,44,10
20341,48,10
20385,47,10
20426,45,10
20467,40,0
20510,37,-10
20550,32,-10
20591,34,-10
20631,40,0
20677,45,10
20717,46,10
20758,45,10
20798,39,-10
20839,34,-10
20880,31,-10
20920,36,-10
20961,39,-10
21005,44,10
21046,48,10
21086,50,10
21127,46,10
21167,44,10
21209,37,-10
21250,33,-10
21293,29,-10
21336,31,-10
21377,41,10
21417,41,10
21461,43,10
21504,39,-10
21546,32,-10
21586,30,-10
21626,32,-10
21666,39,-10
21708,44,10
21748,50,10
21788,53,10
21828,51,10
21869,47,10
21912,44,10
21955,40,0
21995,34,-10
22036,30,-10
22076,30,-10
22117,36,-10
22158,41,10
22198,43,10
22238,48,10
22279,46,10
22319,37,-10
22359,32,-10
22401,29,-10
22446,33,-10
22486,40,0
22528,42,10
22569,44,10
22609,43,10
22651,36,-10
22695,31,-10
22736,27,-10
22779,32,-10
22820,37,-10
22860,41,10
22907,46,10
22948,47,10
22989,44,10
23030,43,10
23070,47,10
23111,41,10
23151,34,-10
23196,32,-10
23237,30,-10
23278,34,-10
23325,40,0
23366,42,10
23406,44,10
23446,43,10
23487,39,-10
23527,33,-10
23573,30,-10
23616,34,-10
23657,37,-10
23697,43,10
23737,48,10
23777,50,10
23818,46,10
23859,39,-10
23900,32,-10
23940,31,-10
23985,37,-10
24025,42,10
24066,48,10
24111,49,10
24156,43,10
24197,33,-10
24237,27,-10
24277,27,-10
24319,30,-10
24360,36,-10
24400,41,10
24440,47,10
24480,48,10
24520,42,10
24560,39,-10
24603,33,-10
24646,33,-10
24687,37,-10
24728,44,10
24768,48,10
24808,53,10
24851,49,10
24896,42,10
24939,38,-10
24979,33,-10
25019,29,-10
25059,30,-10
25099,39,-10
25139,43,10
25180,45,10
25224,46,10
25265,43,10
25306,37,-10
25347,34,-10
25387,31,-10
25427,36,-10
25467,40,0
25508,44,10
25550,45,10
25590,44,10
25631,38,-10
25675,34,-10
25719,32,-10
25761,38,-10
25805,43,10
25846,48,10
25887,51,10
25929,49,10
25969,45,10
26009,42,10
26050,39,-10
26090,36,-10
26131,29,-10
26175,36,-10
26216,39,-10
26257,47,10
26299,50,10
26339,50,10
26379,43,10
26420,41,10
26460,34,-10
26500,31,-10
26541,27,-10
26585,28,-10
26626,32,-10
26666,37,-10
26706,40,0
26746,46,10
26786,49,10
26829,51,10
26869,47,10
26915,41,10
26957,36,-10
26998,30,-10
27038,26,-10
27078,30,-10
27118,37,-10
27158,40,0
27198,44,10
27238,47,10
27278,48,10
27319,45,10
27359,38,-10
27400,34,-10
27441,29,-10
27485,37,-10
27526,46,10
27567,49,10
27607,50,10
27651,44,10
27693,41,10
27737,37,-10
27779,30,-10
27820,26,-10
27861,31,-10
27905,35,-10
27946,42,10
27987,44,10
28028,46,10
28069,45,10
28111,37,-10
28151,34,-10
28194,32,-10
28236,36,-10
28277,41,10
28318,45,10
28358,47,10
28398,45,10
28438,38,-10
28479,35,-10
28519,32,-10
28559,35,-10
28600,42,10
28645,46,10
28686,48,10
28726,45,10
28766,41,10
28806,37,-10
28848,33,-10
28888,31,-10
28929,34,-10
28971,40,0
29011,48,10
29060,53,10
29100,52,10
29144,49,10
29186,45,10
29226,37,-10
29266,28,-10
29306,22,-10
29346,30,-10
29389,38,-10
29430,48,10
29470,70,10
29511,71,10
29555,59,10
29596,48,10
29637,43,10
29677,35,-10
29717,29,-10
29760,26,-10
29800,29,-10
29840,37,-10
29885,45,10
29926,51,10
29967,55,10
30008,51,10
30048,43,10
30088,35,-10
30129,29,-10
30170,28,-10
30210,30,-10
30254,38,-10
30295,44,10
30336,48,10
30376,52,10
30416,48,10
30456,40,0
30496,34,-10
30545,27,-10
30586,31,-10
30633,43,10
30677,54,10
30717,53,10
30757,49,10
30797,39,-10
30837,36,-10
30880,31,-10
30924,40,0
30968,43,10
31009,48,10
31049,44,10
31089,34,-10
31136,29,-10
31177,28,-10
31218,34,-10
31259,40,0
31300,43,10
31342,48,10
31385,46,10
31427,39,-10
31467,32,-10
31507,31,-10
31549,34,-10
31590,41,10
31630,46,10
31670,52,10
31711,48,10
31753,41,10
31796,37,-10
31837,31,-10
31878,29,-10
31923,37,-10
31966,45,10
32006,49,10
32046,52,10
32086,51,10
32127,44,10
32168,35,-10
32209,29,-10
32250,27,-10
32296,32,-10
32337,35,-10
32378,38,-10
32421,42,10
32465,47,10
32506,49,10
32551,47,10
32595,42,10
32637,36,-10
32678,32,-10
32719,26,-10
32763,29,-10
32806,33,-10
32846,39,-10
32887,42,10
32928,45,10
32969,48,10
33011,42,10
33055,38,-10
33096,34,-10
33136,32,-10
33177,34,-10
33229,43,10
33269,47,10
33309,52,10
33351,51,10
33395,44,10
33436,41,10
33476,36,-10
33517,33,-10
33557,31,-10
33598,35,-10
33639,41,10
33680,44,10
33720,45,10
33760,42,10
33800,32,-10
33840,30,-10
33880,29,-10
33920,33,-10
33960,38,-10
34000,41,10
34040,46,10
34080,46,10
34124,42,10
34164,38,-10
34207,33,-10
34248,32,-10
34289,33,-10
34329,37,-10
34369,42,10
34410,46,10
34451,48,10
34495,46,10
34535,43,10
34578,38,-10
34619,35,-10
34659,33,-10
34699,35,-10
34739,39,-10
34785,43,10
34826,47,10
34867,48,10
34907,47,10
34947,46,10
34988,44,10
35029,40,0
35069,36,-10
35109,33,-10
35149,35,-10
35191,39,-10
35235,42,10
35275,44,10
35316,46,10
35357,42,10
35398,37,-10
35439,33,-10
35479,32,-10
35519,33,-10
35559,41,10
35599,45,10
48675,35,-10
48717,33,-10
48758,31,-10
48798,34,-10
48838,42,10
48878,44,10
48921,45,10
48965,35,-10
49008,28,-10
49049,37,-10
49090,38,-10
49134,40,0
49175,52,10
49219,54,10
49260,57,10
49300,49,10
49341,45,10
49385,34,-10
49427,24,-10
49468,25,-10
49511,33,-10
49555,40,0
49596,46,10
49637,50,10
49677,46,10
49717,39,-10
49761,35,-10
49801,31,-10
49841,42,10
49883,52,10
49926,56,10
49967,52,10
50007,42,10
50048,38,-10
50089,33,-10
50129,31,-10
50176,35,-10
50217,38,-10
50258,47,10
50299,52,10
50339,57,10
50379,54,10
50419,40,0
50459,36,-10
50499,35,-10
50539,37,-10
50579,42,10
50619,46,10
50660,48,10
50704,45,10
50746,42,10
50786,37,-10
50826,33,-10
50867,36,-10
50907,40,0
50949,38,-10
50989,38,-10
51029,40,0
51069,45,10
51109,52,10
51155,49,10
51196,43,10
51237,36,-10
51277,29,-10
51324,26,-10
51367,30,-10
51407,37,-10
51447,41,10
51487,49,10
51527,53,10
51569,48,10
51609,37,-10
51649,30,-10
51690,26,-10
51730,27,-10
51770,36,-10
51810,42,10
51850,48,10
51890,58,10
51931,53,10
51975,45,10
52016,38,-10
52056,33,-10
52096,32,-10
52136,38,-10
52176,47,10
52217,56,10
52257,60,10
52297,56,10
52337,49,10
52378,40,0
52418,34,-10
52458,33,-10
52498,33,-10
52539,38,-10
52580,45,10
52620,52,10
52664,53,10
52706,47,10
52747,38,-10
52791,34,-10
52831,32,-10
52876,35,-10
52917,43,10
52957,47,10
52998,51,10
53039,48,10
53080,39,-10
53121,34,-10
53161,31,-10
53202,36,-10
53246,43,10
53287,47,10
53328,48,10
53369,45,10
53409,37,-10
53450,34,-10
53494,33,-10
53536,35,-10
53576,44,10
53616,47,10
53657,50,10
53699,47,10
53741,43,10
53785,39,-10
53825,36,-10
53867,31,-10
53907,32,-10
53948,39,-10
53988,44,10
54029,48,10
54070,52,10
54114,44,10
54156,36,-10
54211,29,-10
54251,23,-10
54291,27,-10
54335,34,-10
54376,40,0
54417,45,10
54458,50,10
54499,49,10
54539,44,10
54579,43,10
54620,40,0
54661,33,-10
54707,27,-10
54747,27,-10
54787,30,-10
54828,37,-10
54868,43,10
54912,47,10
54956,50,10
54997,48,10
55037,43,10
55077,41,10
55117,35,-10
55161,31,-10
55205,29,-10
55246,30,-10
55289,35,-10
55330,37,-10
55371,45,10
55411,52,10
55454,53,10
55496,51,10
55536,43,10
55576,38,-10
55616,35,-10
55656,31,-10
55699,35,-10
55743,41,10
55786,44,10
55827,45,10
55867,41,10
55907,34,-10
55947,31,-10
55987,29,-10
56027,32,-10
56067,37,-10
56110,43,10
56153,48,10
56196,49,10
56236,44,10
56277,38,-10
56318,36,-10
56359,33,-10
56399,35,-10
56440,40,0
56481,42,10
56521,44,10
56561,44,10
56601,42,10
56641,43,10
56686,36,-10
56727,33,-10
56768,31,-10
56808,35,-10
56849,42,10
56891,45,10
56932,46,10
56975,45,10
57021,36,-10
57065,33,-10
57106,30,-10
57147,35,-10
57188,41,10
57228,45,10
57268,46,10
57308,40,0
57348,34,-10
57396,35,-10
57439,40,0
57479,36,-10
57519,41,10
57560,45,10
57600,44,10
57640,43,10
57684,35,-10
57726,29,-10
57767,27,-10
57807,28,-10
57849,34,-10
57889,40,0
57929,45,10
57970,48,10
58010,47,10
58054,44,10
58096,40,0
58137,37,-10
58178,33,-10
58223,34,-10
58266,37,-10
58306,40,0
58346,46,10
58386,49,10
58427,49,10
58468,46,10
58508,38,-10
58555,35,-10
58596,35,-10
58637,41,10
58678,47,10
58718,46,10
58759,43,10
58800,39,-10
58840,37,-10
58881,36,-10
58925,39,-10
58966,42,10
59007,47,10
59047,49,10
59087,47,10
59127,40,0
59167,38,-10
59207,34,-10
59252,36,-10
59296,41,10
59336,44,10
59376,47,10
59417,46,10
59466,41,10
59506,40,0
59547,32,-10
59588,28,-10
59628,29,-10
59669,33,-10
59710,37,-10
59750,42,10
59795,47,10
59836,47,10
59877,44,10
59917,39,-10
59958,34,-10
59998,31,-10
60039,34,-10
60079,36,-10
60119,39,-10
60159,43,10
60199,45,10
60240,48,10
60281,46,10
60322,43,10
60364,40,0
60406,36,-10
60447,30,-10
60488,32,-10
60529,41,10
60569,44,10
60609,44,10
60649,41,10
60690,34,-10
60733,29,-10
60775,30,-10
60815,36,-10
60855,40,0
60896,42,10
60936,43,10
60976,43,10
61017,42,10
61058,38,-10
61101,34,-10
61145,33,-10
61187,35,-10
61228,39,-10
61269,42,10
61310,44,10
61350,45,10
61397,42,10
61438,40,0
61479,37,-10
61520,35,-10
61561,36,-10
61601,42,10
61645,43,10
61686,45,10
61727,43,10
61767,40,0
61808,38,-10
61849,35,-10
61890,36,-10
61931,41,10
61975,44,10
62016,45,10
62057,43,10
62097,39,-10
62139,36,-10
62179,33,-10
62219,37,-10
62259,40,0
62299,44,10
62340,47,10
62385,47,10
62426,46,10
62466,44,10
62506,42,10
62547,36,-10
62588,33,-10
62636,31,-10
62677,35,-10
62718,41,10
62758,43,10
62800,43,10
62840,40,0
62880,32,-10
62921,27,-10
62965,28,-10
63005,32,-10
63046,36,-10
63086,39,-10
63127,42,10
63168,44,10
63209,47,10
63249,45,10
63290,41,10
63331,36,-10
63371,35,-10
63415,31,-10
63457,32,-10
63497,40,0
74579,40,0
74620,36,-10
74660,32,-10
74700,32,-10
74744,39,-10
74786,45,10
74827,49,10
74868,51,10
74911,49,10
74951,44,10
74997,40,0
75038,35,-10
75081,32,-10
75125,31,-10
75167,35,-10
75207,39,-10
75247,42,10
75287,45,10
75330,49,10
75373,46,10
75416,45,10
75456,43,10
75498,38,-10
75539,32,-10
75579,30,-10
75625,35,-10
75666,37,-10
75707,41,10
75748,44,10
75788,44,10
75828,42,10
75869,35,-10
75912,29,-10
75956,26,-10
75996,29,-10
76037,36,-10
76078,36,-10
76126,44,10
76166,48,10
76206,50,10
76246,46,10
76286,40,0
76327,37,-10
76368,35,-10
76408,34,-10
76449,38,-10
76489,49,10
76536,56,10
76576,57,10
76616,56,10
76656,48,10
76697,43,10
76738,34,-10
76781,29,-10
76821,27,-10
76865,32,-10
76906,39,-10
76947,44,10
76987,46,10
77027,51,10
77070,47,10
77110,43,10
77150,35,-10
77194,29,-10
77236,29,-10
77278,32,-10
77319,38,-10
77360,39,-10
77400,45,10
77440,52,10
77481,57,10
77525,56,10
77566,51,10
77607,45,10
77651,42,10
77695,37,-10
77736,29,-10
77776,26,-10
77816,27,-10
77857,36,-10
77898,39,-10
77939,49,10
77980,53,10
78020,58,10
78065,50,10
78106,44,10
78147,42,10
78188,33,-10
78230,28,-10
78273,24,-10
78317,28,-10
78358,32,-10
78399,36,-10
78441,44,10
78485,50,10
78526,56,10
78567,55,10
78609,52,10
78650,43,10
78694,36,-10
78736,30,-10
78777,32,-10
78817,31,-10
78857,39,-10
78897,46,10
78938,58,10
78978,52,10
79018,45,10
79058,37,-10
79099,32,-10
79142,29,-10
79182,31,-10
79226,36,-10
79266,42,10
79316,53,10
79357,53,10
79398,49,10
79439,42,10
79480,35,-10
79521,31,-10
79561,25,-10
79605,30,-10
79645,36,-10
79686,43,10
79726,46,10
79766,50,10
79807,46,10
79848,43,10
79889,39,-10
79929,36,-10
79969,31,-10
80010,33,-10
80050,37,-10
80095,40,0
80136,46,10
80177,52,10
80218,53,10
80261,48,10
80302,46,10
80344,42,10
80387,33,-10
80427,26,-10
80467,24,-10
80507,26,-10
80547,31,-10
80587,37,-10
80631,42,10
80673,47,10
80713,54,10
80757,49,10
80798,40,0
80838,35,-10
80878,33,-10
80919,33,-10
80959,36,-10
80999,42,10
81040,46,10
81080,48,10
81120,46,10
81163,40,0
81205,35,-10
81246,32,-10
81286,33,-10
81327,37,-10
81371,42,10
81413,45,10
81456,52,10
81502,48,10
81545,42,10
81587,39,-10
81627,32,-10
81667,28,-10
81707,33,-10
81747,36,-10
81787,41,10
81827,46,10
81869,47,10
81910,40,0
81950,37,-10
81990,39,-10
82034,38,-10
82076,40,0
82116,51,10
82156,55,10
82196,51,10
82237,45,10
82277,44,10
82317,41,10
82357,35,-10
82397,31,-10
82437,28,-10
82477,31,-10
82518,38,-10
82559,42,10
82599,45,10
82639,46,10
82679,44,10
82720,41,10
82760,36,-10
82800,32,-10
82840,29,-10
82881,33,-10
82925,35,-10
82966,37,-10
83007,39,-10
83048,42,10
83088,44,10
83128,46,10
83169,44,10
83209,42,10
83249,40,0
83289,37,-10
83329,37,-10
83369,38,-10
83409,40,0
83449,42,10
83491,46,10
83531,44,10
83572,41,10
83616,39,-10
83656,38,-10
83696,36,-10
83737,40,0
83777,42,10
83818,44,10
83858,44,10
83898,42,10
83939,38,-10
83980,35,-10
84020,32,-10
84064,35,-10
84106,39,-10
84146,43,10
84186,46,10
84226,52,10
84269,49,10
84310,49,10
84350,47,10
84390,44,10
84431,37,-10
84475,30,-10
84516,28,-10
84557,30,-10
84597,34,-10
84637,37,-10
84680,41,10
84721,45,10
84765,47,10
84807,43,10
84847,38,-10
84887,34,-10
84927,28,-10
84967,30,-10
85010,37,-10
85051,41,10
85095,45,10
85136,48,10
85176,46,10
85217,42,10
85258,42,10
85298,33,-10
85338,27,-10
85378,26,-10
85419,30,-10
85459,26,-10
85499,30,-10
85540,34,-10
85583,42,10
85631,48,10
85671,49,10
85714,47,10
85756,41,10
85796,36,-10
85836,31,-10
85876,30,-10
85917,32,-10
85957,39,-10
85998,43,10
86038,48,10
86079,50,10
86120,47,10
86164,40,0
86205,37,-10
86246,34,-10
86287,33,-10
86328,39,-10
86369,43,10
86410,46,10
86450,48,10
86490,48,10
86535,42,10
86576,39,-10
86617,33,-10
86657,32,-10
86697,34,-10
86737,40,0
86777,44,10
86818,45,10
86858,45,10
86901,42,10
86944,35,-10
86986,34,-10
87026,30,-10
87067,31,-10
87108,35,-10
87149,42,10
87190,50,10
87233,52,10
87275,52,10
87317,45,10
87358,41,10
87399,34,-10
87439,28,-10
87479,25,-10
87519,26,-10
87559,32,-10
87599,37,-10
87639,42,10
87680,45,10
87720,48,10
87764,45,10
87806,37,-10
87847,34,-10
87887,29,-10
87927,29,-10
87967,39,-10
88007,44,10
88048,49,10
88089,52,10
88129,49,10
88169,46,10
88210,35,-10
88250,29,-10
88290,23,-10
88330,31,-10
88370,37,-10
88415,46,10
88456,49,10
88497,54,10
88538,53,10
88583,51,10
88625,41,10
88666,35,-10
88706,31,-10
88747,27,-10
88787,29,-10
88827,33,-10
88867,36,-10
88910,42,10
88953,45,10
88996,47,10
89037,44,10
89081,37,-10
89125,35,-10
89166,33,-10
89206,38,-10
89246,46,10
89286,49,10
89327,50,10
89368,49,10
89408,43,10
89449,40,0
89490,37,-10
89532,33,-10
89573,35,-10
89613,41,10
89656,45,10
89697,43,10
89737,42,10
89781,34,-10
89825,30,-10
89867,29,-10
89908,31,-10
89949,35,-10
89990,38,-10
90035,45,10
90076,48,10
90116,53,10
90157,53,10
90201,49,10
90243,45,10
90285,38,-10
90332,32,-10
90375,29,-10
90416,31,-10
90457,39,-10
90498,42,10
90538,46,10
90579,46,10
90622,45,10
90666,38,-10
90707,32,-10
90754,30,-10
90796,34,-10
90837,39,-10
90878,45,10
90918,48,10
90958,53,10
90998,51,10
91041,49,10
91085,40,0
91126,34,-10
91167,32,-10
91208,31,-10
91249,36,-10
91289,43,10
91329,47,10
91369,49,10
91410,47,10
91450,42,10
91491,39,-10
91535,33,-10
91576,32,-10
91616,42,10
91657,38,-10
91697,36,-10
91737,48,10
101761,46,10
101801,44,10
101845,37,-10
101885,32,-10
101926,29,-10
101970,37,-10
102013,47,10
102056,50,10
102097,52,10
102138,48,10
102179,45,10
102220,41,10
102261,39,-10
102304,36,-10
102346,33,-10
102387,34,-10
102427,42,10
102467,47,10
102510,49,10
102554,49,10
102596,44,10
102636,42,10
102676,40,0
102716,38,-10
102757,36,-10
102798,37,-10
102838,41,10
102881,44,10
102925,46,10
102966,45,10
103007,43,10
103048,39,-10
103091,35,-10
103135,34,-10
103177,38,-10
103217,46,10
103257,49,10
103297,54,10
103341,54,10
103384,49,10
103426,48,10
103466,47,10
103507,40,0
103547,34,-10
103589,39,-10
103630,46,10
103670,47,10
103714,49,10
103756,44,10
103797,35,-10
103838,28,-10
103879,26,-10
103920,29,-10
103964,34,-10
104007,39,-10
104048,46,10
104091,52,10
104135,53,10
104175,50,10
104216,46,10
104256,35,-10
104296,33,-10
104337,28,-10
104377,34,-10
104417,39,-10
104463,43,10
104506,47,10
104546,49,10
104586,43,10
104629,37,-10
104672,34,-10
104715,32,-10
104755,37,-10
104797,43,10
104837,46,10
104877,48,10
104918,46,10
104961,41,10
105005,37,-10
105045,34,-10
105086,32,-10
105126,38,-10
105167,47,10
105208,53,10
105248,54,10
105289,51,10
105336,43,10
105376,41,10
105416,33,-10
105456,28,-10
105497,23,-10
105538,25,-10
105578,32,-10
105619,39,-10
105659,44,10
105706,52,10
105747,55,10
105787,48,10
105827,38,-10
105871,33,-10
105915,28,-10
105955,32,-10
105996,41,10
106036,51,10
106077,54,10
106117,47,10
106157,40,0
106201,31,-10
106245,28,-10
106285,29,-10
106327,32,-10
106368,40,0
106408,43,10
106449,47,10
106490,45,10
106536,38,-10
106577,34,-10
106617,31,-10
106658,36,-10
106698,43,10
106738,43,10
106778,47,10
106818,46,10
106859,43,10
106899,36,-10
106939,32,-10
106979,29,-10
107020,30,-10
107060,43,10
107100,51,10
107145,54,10
107190,48,10
107231,38,-10
107275,31,-10
107315,29,-10
107356,32,-10
107396,40,0
107437,42,10
107477,44,10
107517,41,10
107557,36,-10
107598,29,-10
107638,29,-10
107679,34,-10
107719,37,-10
107759,39,-10
107800,42,10
107840,48,10
107884,50,10
107926,49,10
107967,43,10
108007,40,0
108048,37,-10
108088,35,-10
108128,37,-10
108169,42,10
108210,47,10
108251,49,10
108295,49,10
108336,43,10
108377,40,0
108418,38,-10
108459,34,-10
108500,36,-10
108544,40,0
108585,45,10
108626,48,10
108666,46,10
108706,43,10
108747,36,-10
108787,30,-10
108827,28,-10
108867,30,-10
108908,35,-10
108949,40,0
108989,46,10
109029,47,10
109069,47,10
109110,43,10
109150,39,-10
109191,32,-10
109235,30,-10
109276,32,-10
109316,41,10
109356,44,10
109396,44,10
109439,39,-10
109479,33,-10
109520,31,-10
109565,32,-10
109606,38,-10
109649,44,10
109690,48,10
109734,48,10
109776,44,10
109817,40,0
109857,38,-10
109903,35,-10
109946,36,-10
109987,46,10
110027,54,10
110067,51,10
110108,50,10
110149,44,10
110190,37,-10
110235,33,-10
110276,30,-10
110317,36,-10
110357,39,-10
110400,41,10
110443,45,10
110485,44,10
110526,43,10
110577,37,-10
110618,33,-10
110660,33,-10
110703,34,-10
110746,40,0
110787,43,10
110827,44,10
110867,44,10
110907,41,10
110949,37,-10
110990,35,-10
111030,33,-10
111070,37,-10
111115,41,10
111155,43,10
111201,43,10
111245,42,10
111286,39,-10
111327,36,-10
111367,33,-10
111407,35,-10
111448,40,0
111491,44,10
111535,46,10
111576,45,10
111616,43,10
111657,41,10
111700,36,-10
111743,31,-10
111786,28,-10
111826,30,-10
111873,34,-10
111916,39,-10
111957,44,10
111997,47,10
112037,52,10
112077,51,10
112117,46,10
112157,44,10
112199,40,0
112239,35,-10
112279,32,-10
112319,31,-10
112359,35,-10
112400,42,10
112441,47,10
112481,49,10
112521,45,10
112565,40,0
112606,35,-10
112646,30,-10
112687,29,-10
112727,33,-10
112767,43,10
112815,47,10
112857,51,10
112897,43,10
112938,36,-10
112979,29,-10
113020,26,-10
113060,29,-10
113100,41,10
113141,49,10
113185,50,10
113226,42,10
113267,31,-10
113307,27,-10
113355,28,-10
113396,30,-10
113436,37,-10
113477,43,10
113518,46,10
113561,49,10
113605,43,10
113647,37,-10
113687,34,-10
113727,31,-10
113767,35,-10
113809,43,10
113851,51,10
113891,55,10
113935,50,10
113976,47,10
114018,40,0
114059,33,-10
114100,30,-10
114140,31,-10
114180,36,-10
114221,43,10
114265,46,10
114306,47,10
114346,46,10
114387,39,-10
114429,36,-10
114470,32,-10
114511,36,-10
114555,44,10
114596,49,10
114636,55,10
114676,52,10
114721,48,10
114766,39,-10
114807,34,-10
114855,31,-10
114896,35,-10
114936,41,10
114976,44,10
115016,49,10
115057,47,10
115098,37,-10
115139,31,-10
115179,28,-10
115220,31,-10
115261,36,-10
115305,40,0
115347,45,10
115388,47,10
115429,44,10
115471,40,0
115516,34,-10
115557,31,-10
115598,31,-10
115640,33,-10
115680,40,0
115720,44,10
115765,48,10
115807,48,10
115848,46,10
115888,41,10
115928,36,-10
115975,33,-10
116018,31,-10
116061,33,-10
116102,36,-10
116143,41,10
116187,47,10
116228,49,10
116269,47,10
116309,43,10
116350,34,-10
116395,38,-10
116436,33,-10
116476,35,-10
116516,40,0
116556,45,10
116597,49,10
116637,48,10
116679,44,10
116720,39,-10
116760,36,-10
116806,34,-10
116847,40,0
116887,45,10
116930,49,10
116974,48,10
117015,43,10
117056,40,0
117096,35,-10
117136,31,-10
117176,32,-10
117217,35,-10
117258,40,0
117299,44,10
117339,47,10
117380,46,10
117420,42,10
117460,36,-10
117500,31,-10
117540,27,-10
117580,30,-10
117626,36,-10
117669,42,10
117710,45,10
117753,51,10
117796,49,10
117837,45,10
117877,41,10
117917,36,-10
117958,32,-10
117999,28,-10
118039,32,-10
118085,38,-10
118126,44,10
118167,47,10
118207,50,10
118247,45,10
118287,38,-10
118331,34,-10
118374,32,-10
118416,38,-10
118457,41,10
118497,48,10
118537,52,10
118578,51,10
118618,45,10
118659,38,-10
118700,30,-10
118740,28,-10
118780,32,-10
118820,34,-10
118865,45,10
118907,53,10
118947,55,10
118987,47,10
119028,38,-10
119069,35,-10
119110,33,-10
119150,38,-10
119190,42,10
119231,46,10
129866,43,10
129906,41,10
129946,40,0
129987,37,-10
130028,35,-10
130068,36,-10
130108,40,0
130149,44,10
130189,45,10
130229,45,10
130269,42,10
130311,38,-10
130352,36,-10
130396,34,-10
130437,36,-10
130479,42,10
130522,45,10
130566,46,10
130607,44,10
130649,43,10
130689,39,-10
130729,36,-10
130769,34,-10
130809,37,-10
130849,39,-10
130891,44,10
130935,48,10
130976,51,10
131016,49,10
131057,46,10
131098,45,10
131138,40,0
131179,37,-10
131220,35,-10
131260,35,-10
131300,40,0
131341,43,10
131385,46,10
131427,44,10
131467,46,10
131507,43,10
131548,42,10
131591,36,-10
131635,28,-10
131676,27,-10
131717,28,-10
131760,33,-10
131802,41,10
131845,47,10
131886,51,10
131927,47,10
131967,41,10
132011,36,-10
132054,32,-10
132097,28,-10
132138,33,-10
132179,38,-10
132219,42,10
132259,45,10
132299,45,10
132340,42,10
132381,39,-10
132425,35,-10
132466,32,-10
132507,34,-10
132547,44,10
132587,48,10
132635,50,10
132676,43,10
132716,41,10
132757,36,-10
132798,32,-10
132839,30,-10
132880,34,-10
132921,40,0
132965,45,10
133006,47,10
133047,45,10
133088,41,10
133128,38,-10
133169,33,-10
133209,30,-10
133249,32,-10
133290,38,-10
133331,40,0
133375,45,10
133416,47,10
133456,48,10
133500,43,10
133541,40,0
133581,38,-10
133621,32,-10
133664,32,-10
133707,38,-10
133747,42,10
133788,48,10
133829,50,10
133870,48,10
133911,43,10
133955,37,-10
133996,29,-10
134037,28,-10
134077,31,-10
134117,35,-10
134158,42,10
134198,45,10
134238,48,10
134278,45,10
134319,36,-10
134360,30,-10
134400,27,-10
134440,30,-10
134484,32,-10
134536,45,10
134577,47,10
134617,48,10
134657,45,10
134698,49,10
134738,59,10
134781,48,10
134826,42,10
134867,33,-10
134910,27,-10
134951,26,-10
134991,29,-10
135035,32,-10
135076,33,-10
135116,36,-10
135157,42,10
135197,45,10
135238,47,10
135282,42,10
135325,39,-10
135366,34,-10
135407,32,-10
135447,39,-10
135488,43,10
135529,45,10
135576,46,10
135616,44,10
135657,38,-10
135698,37,-10
135739,34,-10
135780,35,-10
135820,42,10
135860,43,10
135901,45,10
135945,43,10
135985,40,0
136026,35,-10
136067,33,-10
136108,32,-10
136149,34,-10
136190,38,-10
136233,42,10
136276,47,10
136317,48,10
136357,44,10
136397,43,10
136440,39,-10
136482,33,-10
136523,29,-10
136566,32,-10
136617,36,-10
136657,42,10
136701,46,10
136746,50,10
136787,47,10
136828,42,10
136869,37,-10
136909,35,-10
136950,30,-10
136995,33,-10
137036,41,10
137077,44,10
137117,45,10
137157,42,10
137198,35,-10
137239,30,-10
137279,29,-10
137321,31,-10
137361,38,-10
137405,43,10
137446,47,10
137487,53,10
137528,50,10
137568,45,10
137609,41,10
137657,36,-10
137697,28,-10
137738,26,-10
137779,27,-10
137819,36,-10
137859,39,-10
137900,42,10
137940,48,10
137984,49,10
138027,38,-10
138068,34,-10
138108,32,-10
138149,34,-10
138191,43,10
138235,47,10
138276,47,10
138316,44,10
138356,39,-10
138397,36,-10
138438,36,-10
138479,39,-10
138519,47,10
138560,49,10
138600,52,10
138644,49,10
138686,46,10
138727,42,10
138771,40,0
138815,36,-10
138856,33,-10
138896,33,-10
138936,41,10
138976,44,10
139017,45,10
139058,42,10
139098,36,-10
139139,31,-10
139179,30,-10
139219,31,-10
139263,37,-10
139311,41,10
139354,45,10
139396,46,10
139436,44,10
139476,40,0
139517,35,-10
139558,31,-10
139598,32,-10
139638,37,-10
139678,42,10
139718,45,10
139759,50,10
139800,47,10
139840,39,-10
139884,37,-10
139926,33,-10
139967,35,-10
140009,43,10
140053,47,10
140096,47,10
140136,43,10
140176,37,-10
140219,33,-10
140263,30,-10
140306,36,-10
140347,43,10
140388,50,10
140429,52,10
140469,49,10
140509,45,10
140549,38,-10
140589,36,-10
140631,29,-10
140675,32,-10
140716,40,0
140757,45,10
140799,48,10
140839,45,10
140880,41,10
140921,34,-10
140965,29,-10
141006,29,-10
141047,33,-10
141088,53,10
141132,61,10
141176,58,10
141217,48,10
141258,42,10
141298,40,0
141338,34,-10
141379,31,-10
141419,29,-10
141460,38,-10
141500,47,10
141541,51,10
141584,55,10
141626,50,10
141667,43,10
141707,40,0
141748,35,-10
141789,29,-10
141830,28,-10
141871,37,-10
141912,42,10
141956,45,10
141996,51,10
142037,46,10
142078,38,-10
142123,30,-10
142166,26,-10
142207,28,-10
142247,31,-10
142287,40,0
142328,44,10
142369,49,10
142410,49,10
142451,43,10
142492,36,-10
142533,30,-10
142577,26,-10
142617,32,-10
142657,39,-10
142703,43,10
142746,50,10
142786,53,10
142836,46,10
142877,43,10
142920,36,-10
142962,27,-10
143005,24,-10
143045,28,-10
143085,34,-10
143125,41,10
143166,45,10
143207,48,10
143248,47,10
143289,40,0
143330,31,-10
143371,27,-10
143415,33,-10
143456,37,-10
143497,45,10
143538,55,10
143578,56,10
143619,49,10
143660,45,10
143700,37,-10
143741,32,-10
143785,28,-10
143826,32,-10
143867,36,-10
143907,42,10
143947,47,10
143987,48,10
144028,45,10
144069,37,-10
144115,33,-10
144157,33,-10
144200,41,10
144241,52,10
144285,49,10
144327,42,10
144367,36,-10
144407,35,-10
144449,30,-10
144489,35,-10
144533,39,-10
144576,44,10
144617,50,10
144657,51,10
144697,47,10
144737,43,10
144778,40,0
144819,36,-10
144859,34,-10
144903,34,-10
144943,38,-10
144986,46,10
145027,46,10
145068,48,10
145110,46,10
145154,42,10
145195,37,-10
145236,32,-10
145277,29,-10
145318,32,-10
145359,38,-10
145400,39,-10
145444,43,10
145486,47,10
145526,48,10
145567,45,10
145607,42,10
145647,38,-10
145690,35,-10
145731,34,-10
145771,37,-10
145815,41,10
145855,43,10
145896,45,10
145946,40,0
145987,34,-10
146028,32,-10
146069,32,-10
146109,38,-10
146150,43,10
146195,48,10
146236,51,10
146276,48,10
146317,44,10
146357,40,0
146397,37,-10
146437,31,-10
146480,32,-10
146523,33,-10
146566,40,0
146607,45,10
146647,46,10
146688,45,10
146729,43,10
146770,39,-10
146814,36,-10
146855,32,-10
146896,37,-10
146937,42,10
146977,45,10
147017,45,10
147058,44,10
147099,40,0
147139,35,-10
147180,35,-10
147221,35,-10
147265,42,10
147306,47,10
158530,39,-10
158574,36,-10
158616,34,-10
158657,35,-10
158697,41,10
158738,44,10
158778,45,10
158818,42,10
158859,37,-10
158899,35,-10
158940,33,-10
158980,33,-10
159021,41,10
159061,46,10
159105,48,10
159146,43,10
159186,39,-10
159226,34,-10
159267,30,-10
159308,38,-10
159350,43,10
159390,57,10
159431,63,10
159475,56,10
159516,44,10
159557,40,0
159597,35,-10
159637,33,-10
159677,33,-10
159719,32,-10
159759,36,-10
159801,38,-10
159845,42,10
159886,45,10
159927,47,10
159968,41,10
160011,38,-10
160051,35,-10
160095,32,-10
160136,39,-10
160178,42,10
160221,47,10
160265,52,10
160305,49,10
160347,43,10
160387,40,0
160431,36,-10
160475,33,-10
160516,32,-10
160556,39,-10
160599,45,10
160642,51,10
160685,60,10
160728,58,10
160769,51,10
160813,42,10
160856,31,-10
160896,23,-10
160937,23,-10
160987,28,-10
161027,33,-10
161068,37,-10
161109,38,-10
161151,48,10
161195,54,10
161236,57,10
161277,50,10
161317,42,10
161363,40,0
161406,32,-10
161447,27,-10
161488,28,-10
161529,31,-10
161570,39,-10
161611,47,10
161656,51,10
161697,56,10
161738,51,10
161780,42,10
161821,32,-10
161865,27,-10
161906,22,-10
161947,23,-10
161988,30,-10
162029,37,-10
162069,50,10
162109,54,10
162149,60,10
162190,57,10
162234,49,10
162276,44,10
162317,39,-10
162357,36,-10
162397,31,-10
162438,35,-10
162481,40,0
162525,48,10
162567,46,10
162611,40,0
162652,34,-10
162697,28,-10
162738,34,-10
162779,39,-10
162819,47,10
162861,52,10
162905,54,10
162945,50,10
162987,43,10
163028,39,-10
163068,34,-10
163108,29,-10
163150,34,-10
163191,44,10
163231,51,10
163271,54,10
163316,46,10
163357,37,-10
163399,33,-10
163440,32,-10
163484,42,10
163527,52,10
163567,53,10
163607,49,10
163647,40,0
163691,32,-10
163731,30,-10
163771,28,-10
163811,32,-10
163856,42,10
163896,46,10
163937,54,10
163978,46,10
164018,36,-10
164059,31,-10
164099,29,-10
164139,34,-10
164181,40,0
164221,44,10
164261,51,10
164304,50,10
164346,41,10
164386,34,-10
164426,30,-10
164467,28,-10
164511,31,-10
164555,40,0
164596,42,10
164636,49,10
164677,49,10
164718,43,10
164758,35,-10
164798,31,-10
164838,28,-10
164879,30,-10
164920,36,-10
164964,39,-10
165006,46,10
165046,52,10
165087,56,10
165128,54,10
165169,49,10
165211,43,10
165255,38,-10
165296,32,-10
165337,27,-10
165377,31,-10
165418,32,-10
165458,37,-10
165498,41,10
165538,47,10
165578,48,10
165619,41,10
165661,38,-10
165705,36,-10
165747,35,-10
165795,38,-10
165836,41,10
165876,42,10
165917,47,10
165958,45,10
165998,41,10
166039,36,-10
166081,34,-10
166125,33,-10
166166,36,-10
166208,45,10
166250,53,10
166293,55,10
166336,49,10
166377,44,10
166418,40,0
166458,38,-10
166498,35,-10
166538,34,-10
166579,39,-10
166619,46,10
166659,51,10
166699,52,10
166739,47,10
166783,42,10
166826,36,-10
166867,31,-10
166907,27,-10
166947,30,-10
166987,35,-10
167030,38,-10
167070,42,10
167110,46,10
167150,51,10
167190,49,10
167234,42,10
167275,36,-10
167315,28,-10
167356,27,-10
167397,31,-10
167438,36,-10
167478,44,10
167519,45,10
167559,51,10
167601,47,10
167645,40,0
167686,35,-10
167727,30,-10
167767,31,-10
167815,38,-10
167857,43,10
167898,48,10
167938,49,10
167979,46,10
168019,38,-10
168059,34,-10
168099,31,-10
168140,35,-10
168180,41,10
168221,44,10
168264,48,10
168306,45,10
168346,39,-10
168387,33,-10
168429,31,-10
168469,34,-10
168509,40,0
168549,43,10
168589,45,10
168629,46,10
168669,43,10
168709,39,-10
168749,35,-10
168790,34,-10
168830,41,10
168870,43,10
168914,49,10
168955,41,10
168995,35,-10
169036,31,-10
169080,38,-10
169123,36,-10
169166,42,10
169206,45,10
169246,46,10
169286,43,10
169327,38,-10
169368,35,-10
169409,34,-10
169450,40,0
169490,43,10
169530,46,10
169570,44,10
169614,38,-10
169656,34,-10
169697,32,-10
169738,36,-10
169778,41,10
169818,42,10
169858,44,10
169898,42,10
169938,35,-10
169979,32,-10
170020,31,-10
170064,35,-10
170105,41,10
170146,41,10
170186,41,10
170227,39,-10
170269,35,-10
170309,33,-10
170349,36,-10
170389,44,10
170430,47,10
170470,50,10
170514,47,10
170556,42,10
170596,41,10
170637,37,-10
170678,31,-10
170719,27,-10
170761,29,-10
170805,37,-10
170846,42,10
170886,47,10
170926,49,10
170969,46,10
171010,42,10
171050,38,-10
171090,31,-10
171131,29,-10
171175,33,-10
171216,38,-10
171257,42,10
171298,43,10
171342,47,10
171386,41,10
171427,37,-10
171467,33,-10
171514,32,-10
171556,35,-10
171596,39,-10
171637,42,10
171678,44,10
171718,48,10
171759,45,10
171799,41,10
171839,37,-10
171885,33,-10
171928,33,-10
171969,38,-10
172014,42,10
172056,43,10
172097,45,10
172137,45,10
172177,43,10
172223,37,-10
172266,37,-10
172307,36,-10
172347,37,-10
172393,41,10
172436,47,10
172476,45,10
172517,43,10
172558,38,-10
172599,34,-10
172640,32,-10
172680,34,-10
172720,38,-10
172760,40,0
172800,43,10
172840,43,10
172880,42,10
172924,39,-10
172965,36,-10
173006,34,-10
173047,36,-10
173089,39,-10
173129,44,10
173170,48,10
173214,52,10
173256,52,10
173296,48,10
173336,47,10
173376,45,10
173420,43,10
173460,35,-10
173501,30,-10
173546,31,-10
173586,34,-10
173627,38,-10
173667,40,0
173711,47,10
173755,50,10
173797,48,10
173838,46,10
173878,42,10
173918,37,-10
173959,35,-10
173999,29,-10
174039,32,-10
174081,41,10
174125,45,10
174165,44,10
174205,39,-10
174245,34,-10
174288,31,-10
174328,34,-10
174368,41,10
174409,43,10
174449,45,10
174489,40,0
174530,34,-10
174570,33,-10
174614,35,-10
174656,43,10
174696,44,10
174737,45,10
174778,42,10
174819,37,-10
174859,34,-10
174899,32,-10
174939,36,-10
174979,40,0
175019,45,10
175059,47,10
175101,46,10
175145,46,10
175186,42,10
175227,40,0
175268,36,-10
175310,32,-10
175354,37,-10
175396,37,-10
175436,31,-10
175477,34,-10
175518,44,10
175559,45,10
175600,49,10
185659,44,10
185699,41,10
185741,37,-10
185786,34,-10
185826,31,-10
185867,34,-10
185907,39,-10
185947,43,10
185987,48,10
186027,52,10
186067,50,10
186107,48,10
186147,47,10
186190,43,10
186233,40,0
186277,35,-10
186317,33,-10
186357,33,-10
186398,41,10
186438,48,10
186478,51,10
186519,48,10
186560,41,10
186600,37,-10
186641,29,-10
186681,27,-10
186721,28,-10
186761,38,-10
186805,47,10
186849,50,10
186889,53,10
186929,49,10
186969,46,10
187010,42,10
187054,37,-10
187097,32,-10
187137,26,-10
187178,31,-10
187219,37,-10
187259,41,10
187299,47,10
187339,50,10
187380,43,10
187420,33,-10
187460,29,-10
187503,28,-10
187546,34,-10
187586,40,0
187626,47,10
187669,49,10
187709,48,10
187749,42,10
187789,39,-10
187829,34,-10
187871,28,-10
187911,34,-10
187955,43,10
187996,49,10
188036,51,10
188077,51,10
188121,44,10
188165,40,0
188206,36,-10
188246,31,-10
188287,31,-10
188328,34,-10
188370,42,10
188414,45,10
188455,49,10
188496,45,10
188537,40,0
188578,34,-10
188618,31,-10
188659,33,-10
188699,37,-10
188739,42,10
188779,44,10
188821,49,10
188865,45,10
188906,39,-10
188946,36,-10
188987,31,-10
189027,35,-10
189067,42,10
189109,47,10
189150,53,10
189190,53,10
189231,47,10
189271,41,10
189315,36,-10
189356,28,-10
189397,22,-10
189437,25,-10
189481,34,-10
189524,38,-10
189566,51,10
189606,57,10
189647,61,10
189687,55,10
189727,52,10
189769,42,10
189810,30,-10
189850,22,-10
189890,19,-10
189930,23,-10
189970,28,-10
190014,35,-10
190056,43,10
190097,46,10
190137,52,10
190178,47,10
190218,40,0
190259,33,-10
190300,30,-10
190344,29,-10
190385,34,-10
190426,44,10
190466,41,10
190507,60,10
190549,51,10
190589,53,10
190638,43,10
190684,40,0
190726,33,-10
190767,28,-10
190807,27,-10
190847,34,-10
190888,39,-10
190928,43,10
190969,46,10
191009,50,10
191049,47,10
191089,42,10
191129,39,-10
191169,35,-10
191210,32,-10
191250,33,-10
191290,38,-10
191331,43,10
191371,46,10
191415,49,10
191456,47,10
191497,39,-10
191537,36,-10
191578,35,-10
191619,36,-10
191659,40,0
191700,43,10
191745,44,10
191786,44,10
191831,41,10
191873,36,-10
191913,29,-10
191956,26,-10
191997,30,-10
192037,37,-10
192077,43,10
192119,46,10
192159,52,10
192203,46,10
192246,38,-10
192287,33,-10
192334,30,-10
192377,30,-10
192418,42,10
192459,51,10
192500,53,10
192540,51,10
192584,39,-10
192624,33,-10
192664,29,-10
192705,34,-10
192747,42,10
192787,47,10
192834,50,10
192877,45,10
192918,36,-10
192959,32,-10
193000,27,-10
193041,31,-10
193086,36,-10
193128,44,10
193169,49,10
193210,49,10
193251,44,10
193295,36,-10
193336,33,-10
193377,33,-10
193417,38,-10
193457,44,10
193498,48,10
193538,51,10
193579,46,10
193623,41,10
193666,38,-10
193706,34,-10
193746,33,-10
193787,42,10
193831,52,10
193874,48,10
193927,40,0
193968,37,-10
194008,34,-10
194049,34,-10
194090,35,-10
194131,38,-10
194175,41,10
194216,46,10
194256,53,10
194297,52,10
194337,50,10
194385,44,10
194426,41,10
194467,34,-10
194507,29,-10
194547,26,-10
194587,26,-10
194633,31,-10
194676,34,-10
194717,37,-10
194757,40,0
194798,43,10
194838,46,10
194878,46,10
194919,43,10
194966,41,10
195007,37,-10
195047,37,-10
195087,34,-10
195128,36,-10
195175,41,10
195216,44,10
195257,47,10
195297,45,10
195337,41,10
195377,38,-10
195417,33,-10
195457,30,-10
195499,31,-10
195543,39,-10
195586,44,10
195635,47,10
195676,48,10
195717,46,10
195757,42,10
195803,33,-10
195846,28,-10
195887,25,-10
195928,28,-10
195969,37,-10
196013,43,10
196056,48,10
196097,52,10
196137,46,10
196177,39,-10
196219,34,-10
196259,33,-10
196299,39,-10
196339,42,10
196379,46,10
196421,50,10
196465,49,10
196505,41,10
196546,37,-10
196587,33,-10
196628,32,-10
196668,39,-10
196710,42,10
196750,45,10
196791,44,10
196831,44,10
196875,43,10
196916,41,10
196956,32,-10
196997,28,-10
197037,28,-10
197079,25,-10
197126,28,-10
197166,31,-10
197207,38,-10
197247,41,10
197287,45,10
197335,46,10
197376,42,10
197416,35,-10
197457,30,-10
197497,30,-10
197537,31,-10
197581,38,-10
197625,42,10
197666,49,10
197707,51,10
197747,48,10
197787,42,10
197830,38,-10
197873,33,-10
197914,30,-10
197958,32,-10
197999,35,-10
198040,42,10
198080,49,10
198120,52,10
198161,48,10
198201,45,10
198242,37,-10
198285,32,-10
198328,27,-10
198369,29,-10
198410,36,-10
198454,44,10
198496,49,10
198536,51,10
198577,50,10
198620,42,10
198660,38,-10
198704,31,-10
198747,27,-10
198788,32,-10
198828,38,-10
198869,43,10
198909,48,10
198949,49,10
198989,45,10
199029,37,-10
199069,32,-10
199110,33,-10
199150,38,-10
199196,47,10
199239,50,10
199280,51,10
199320,49,10
199365,41,10
199406,37,-10
199446,33,-10
199486,30,-10
199527,36,-10
199567,41,10
199607,47,10
199647,46,10
199688,44,10
199728,39,-10
199768,36,-10
199808,34,-10
199849,36,-10
199890,42,10
199931,46,10
199976,49,10
200016,45,10
200056,45,10
200097,41,10
200139,40,0
200180,33,-10
200220,31,-10
200262,29,-10
200305,31,-10
200348,33,-10
200389,38,-10
200430,40,0
200474,43,10
200516,46,10
200557,46,10
200597,43,10
200638,36,-10
200678,32,-10
200719,30,-10
200759,31,-10
200799,39,-10
200845,47,10
200886,53,10
200927,55,10
200968,49,10
201008,48,10
201048,41,10
201095,35,-10
201138,30,-10
201179,27,-10
201220,29,-10
201264,38,-10
201306,42,10
201347,45,10
201387,49,10
201427,48,10
201467,39,-10
201508,33,-10
201548,30,-10
201588,34,-10
201628,39,-10
201669,42,10
201709,48,10
201751,52,10
201795,45,10
201837,36,-10
201878,34,-10
201919,32,-10
201961,37,-10
202005,43,10
202046,47,10
202087,50,10
202127,46,10
202169,40,0
202210,37,-10
202250,33,-10
202291,34,-10
202332,40,0
202375,45,10
202416,47,10
202456,49,10
202497,46,10
202537,43,10
202577,38,-10
202618,35,-10
202658,32,-10
202698,36,-10
202739,40,0
202779,43,10
202820,46,10
202860,47,10
214065,48,10
214105,47,10
214146,43,10
214187,42,10
214227,40,0
214270,35,-10
214314,30,-10
214356,31,-10
214396,33,-10
214436,37,-10
214477,44,10
214518,48,10
214558,49,10
214598,46,10
214638,42,10
214678,40,0
214727,35,-10
214769,32,-10
214813,35,-10
214856,43,10
214896,49,10
214937,51,10
214977,46,10
215017,43,10
215057,38,-10
215097,36,-10
215137,35,-10
215178,40,0
215219,51,10
215261,63,10
215305,64,10
215346,56,10
215387,50,10
215427,46,10
215467,43,10
215507,37,-10
215549,32,-10
215589,30,-10
215630,35,-10
215671,39,-10
215715,45,10
215756,47,10
215797,51,10
215841,47,10
215882,42,10
215926,40,0
215976,31,-10
216017,29,-10
216059,30,-10
216099,32,-10
216139,37,-10
216179,40,0
216219,43,10
216259,45,10
216299,43,10
216339,40,0
216379,36,-10
216420,31,-10
216460,32,-10
216500,35,-10
216541,41,10
216585,45,10
216627,47,10
216667,46,10
216708,43,10
216749,38,-10
216790,33,-10
216831,30,-10
216875,33,-10
216917,43,10
216957,48,10
216997,54,10
217037,48,10
217081,43,10
217125,32,-10
217166,27,-10
217207,23,-10
217247,30,-10
217287,38,-10
217327,40,0
217368,52,10
217409,55,10
217449,50,10
217489,39,-10
217529,34,-10
217569,29,-10
217611,32,-10
217656,44,10
217696,50,10
217736,55,10
217776,48,10
217817,34,-10
217857,31,-10
217904,27,-10
217947,37,-10
217987,41,10
218027,44,10
218071,45,10
218113,40,0
218156,36,-10
218196,34,-10
218237,35,-10
218280,37,-10
218323,47,10
218366,52,10
218407,50,10
218447,46,10
218487,44,10
218527,42,10
218567,41,10
218609,37,-10
218651,33,-10
218694,31,-10
218736,35,-10
218781,44,10
218821,47,10
218871,50,10
218912,48,10
218955,38,-10
218996,32,-10
219037,32,-10
219077,34,-10
219118,39,-10
219159,42,10
219200,46,10
219240,47,10
219280,44,10
219321,38,-10
219365,34,-10
219406,30,-10
219447,33,-10
219487,37,-10
219535,43,10
219576,46,10
219616,48,10
219660,46,10
219700,41,10
219740,38,-10
219780,32,-10
219820,32,-10
219860,36,-10
219901,44,10
219946,50,10
219987,53,10
220027,52,10
220068,48,10
220108,38,-10
220149,36,-10
220189,30,-10
220229,33,-10
220269,39,-10
220309,43,10
220349,46,10
220389,47,10
220429,46,10
220470,37,-10
220510,33,-10
220550,31,-10
220590,34,-10
220631,42,10
220675,46,10
220715,49,10
220756,44,10
220797,39,-10
220837,32,-10
220878,31,-10
220918,34,-10
220959,36,-10
220999,43,10
221039,47,10
221085,49,10
221125,47,10
221166,41,10
221209,37,-10
221251,35,-10
221296,34,-10
221337,37,-10
221377,43,10
221417,46,10
221457,46,10
221497,44,10
221537,40,0
221581,40,0
221621,37,-10
221664,35,-10
221706,36,-10
221747,42,10
221788,43,10
221828,45,10
221868,43,10
221908,37,-10
221948,37,-10
221988,32,-10
222030,33,-10
222073,36,-10
222117,41,10
222157,43,10
222197,44,10
222237,40,0
222277,35,-10
222321,33,-10
222361,35,-10
222405,38,-10
222446,40,0
222487,43,10
222528,46,10
222569,47,10
222609,44,10
222650,41,10
222690,40,0
222731,34,-10
222776,31,-10
222817,33,-10
222858,38,-10
222901,41,10
222945,46,10
222986,47,10
223026,45,10
223067,43,10
223107,38,-10
223148,36,-10
223189,31,-10
223231,31,-10
223274,38,-10
223316,41,10
223356,43,10
223397,46,10
223438,43,10
223478,42,10
223519,36,-10
223559,33,-10
223599,30,-10
223641,33,-10
223685,38,-10
223726,44,10
223766,47,10
223807,49,10
223847,45,10
223887,41,10
223929,38,-10
223969,36,-10
224009,33,-10
224050,37,-10
224094,45,10
224136,51,10
224176,52,10
224217,48,10
224257,44,10
224297,41,10
224337,37,-10
224377,31,-10
224418,27,-10
224459,29,-10
224506,37,-10
224547,42,10
224589,46,10
224629,46,10
224670,42,10
224711,36,-10
224755,33,-10
224796,37,-10
224836,41,10
224881,42,10
224925,38,-10
224966,33,-10
225006,29,-10
225046,37,-10
225087,43,10
225127,45,10
225167,47,10
225208,43,10
225249,37,-10
225295,32,-10
225337,31,-10
225377,35,-10
225418,42,10
225459,48,10
225500,51,10
225540,47,10
225580,42,10
225620,35,-10
225660,30,-10
225700,26,-10
225745,30,-10
225786,41,10
225827,47,10
225867,50,10
225907,44,10
225948,36,-10
225988,31,-10
226029,26,-10
226071,29,-10
226115,35,-10
226156,41,10
226197,48,10
226237,53,10
226293,45,10
226337,37,-10
226380,31,-10
226420,26,-10
226460,34,-10
226501,42,10
226545,44,10
226586,46,10
226627,39,-10
226667,34,-10
226707,34,-10
226747,38,-10
226791,48,10
226831,51,10
226875,55,10
226916,49,10
226957,42,10
226998,40,0
227040,34,-10
227081,30,-10
227121,33,-10
227165,35,-10
227206,41,10
227247,44,10
227287,46,10
227337,41,10
227378,38,-10
227418,37,-10
227459,33,-10
227500,34,-10
227541,39,-10
227584,43,10
227626,46,10
227666,48,10
227707,47,10
227747,43,10
227789,42,10
227829,38,-10
227869,34,-10
227910,30,-10
227955,36,-10
227996,38,-10
228036,38,-10
228077,48,10
228117,51,10
228158,51,10
228198,50,10
228239,45,10
228280,42,10
228325,37,-10
228373,32,-10
228417,30,-10
228458,34,-10
228499,39,-10
228540,46,10
228581,51,10
228626,56,10
228666,53,10
228707,50,10
228747,43,10
228787,40,0
228827,31,-10
228868,29,-10
228909,29,-10
228951,32,-10
228991,38,-10
229035,41,10
229076,48,10
229117,47,10
229158,45,10
229198,37,-10
229238,33,-10
229278,28,-10
229318,30,-10
229359,41,10
229400,47,10
229440,50,10
229484,46,10
229526,37,-10
229566,34,-10
229607,30,-10
229648,34,-10
229689,40,0
229736,46,10
229777,51,10
229825,48,10
229866,42,10
229907,39,-10
229948,35,-10
229989,34,-10
230029,35,-10
230070,39,-10
230111,48,10
230155,56,10
230196,57,10
230237,55,10
230277,51,10
230317,47,10
230358,43,10
230399,36,-10
230441,31,-10
230481,29,-10
230523,35,-10
230567,42,10
230607,44,10
230648,46,10
230688,39,-10
230729,31,-10
230769,32,-10
230810,34,-10
230850,40,0
230890,43,10
230930,46,10
230976,43,10
231016,39,-10
231057,34,-10
231097,31,-10
231137,38,-10
231177,43,10
231224,42,10
231264,48,10
242599,43,10
242640,38,-10
242680,35,-10
242720,35,-10
242760,39,-10
242804,40,0
242846,44,10
242887,48,10
242927,46,10
242967,45,10
243007,41,10
243047,40,0
243095,37,-10
243136,35,-10
243176,37,-10
243217,39,-10
243261,52,10
243301,51,10
243341,53,10
243386,51,10
243427,48,10
243467,45,10
243507,41,10
243547,37,-10
243587,32,-10
243627,30,-10
243667,31,-10
243708,36,-10
243750,39,-10
243794,42,10
243836,46,10
243877,48,10
243917,44,10
243957,38,-10
243997,36,-10
244038,33,-10
244079,36,-10
244119,42,10
244159,44,10
244200,47,10
244241,47,10
244285,39,-10
244327,33,-10
244367,32,-10
244407,35,-10
244447,41,10
244487,43,10
244527,49,10
244567,49,10
244607,46,10
244648,39,-10
244689,31,-10
244729,30,-10
244770,35,-10
244814,39,-10
244856,43,10
244896,44,10
244937,47,10
244977,44,10
245019,36,-10
245060,30,-10
245101,29,-10
245146,32,-10
245189,34,-10
245231,40,0
245271,46,10
245311,51,10
245351,48,10
245391,44,10
245435,42,10
245476,36,-10
245516,31,-10
245556,24,-10
245597,25,-10
245638,31,-10
245681,37,-10
245721,41,10
245765,44,10
245806,49,10
245847,48,10
245888,42,10
245929,36,-10
245969,33,-10
246009,30,-10
246050,31,-10
246090,37,-10
246130,41,10
246170,43,10
246211,47,10
246252,42,10
246296,44,10
246338,40,0
246379,33,-10
246420,36,-10
246461,44,10
246507,49,10
246547,47,10
246587,44,10
246627,41,10
246667,35,-10
246707,32,-10
246747,29,-10
246787,31,-10
246828,34,-10
246870,38,-10
246910,40,0
246954,44,10
246996,45,10
247036,45,10
247076,41,10
247125,36,-10
247165,30,-10
247209,29,-10
247249,31,-10
247291,37,-10
247335,43,10
247376,46,10
247417,52,10
247457,50,10
247499,46,10
247539,37,-10
247580,33,-10
247621,27,-10
247664,30,-10
247707,37,-10
247748,40,0
247788,44,10
247829,51,10
247869,46,10
247910,42,10
247951,33,-10
247995,28,-10
248036,24,-10
248086,29,-10
248127,36,-10
248168,40,0
248209,47,10
248249,48,10
248291,49,10
248332,43,10
248373,36,-10
248416,31,-10
248456,28,-10
248497,33,-10
248537,38,-10
248578,43,10
248619,47,10
248659,49,10
248700,46,10
248740,39,-10
248781,36,-10
248825,34,-10
248865,39,-10
248912,46,10
248956,48,10
248997,51,10
249037,49,10
249078,45,10
249119,42,10
249159,36,-10
249199,31,-10
249239,28,-10
249279,30,-10
249320,38,-10
249361,41,10
249408,45,10
249449,47,10
249490,45,10
249531,41,10
249571,35,-10
249615,27,-10
249656,30,-10
249697,31,-10
249737,33,-10
249778,32,-10
249819,37,-10
249859,43,10
249899,44,10
249939,49,10
249979,47,10
250021,44,10
250061,40,0
250106,32,-10
250147,29,-10
250188,30,-10
250228,34,-10
250268,39,-10
250309,48,10
250349,54,10
250397,56,10
250437,55,10
250477,52,10
250517,48,10
250565,41,10
250606,37,-10
250646,30,-10
250687,28,-10
250728,29,-10
250769,36,-10
250809,38,-10
250850,41,10
250891,48,10
250931,50,10
250975,46,10
251016,39,-10
251056,33,-10
251097,30,-10
251137,34,-10
251177,42,10
251217,46,10
251257,51,10
251298,48,10
251339,40,0
251379,34,-10
251420,30,-10
251461,35,-10
251505,39,-10
251546,44,10
251587,49,10
251627,53,10
251667,50,10
251711,44,10
251752,40,0
251795,38,-10
251837,35,-10
251878,37,-10
251918,40,0
251959,48,10
252000,55,10
252044,53,10
252091,45,10
252135,39,-10
252179,34,-10
252219,32,-10
252260,36,-10
252300,44,10
252340,47,10
252380,50,10
252420,48,10
252460,42,10
252500,35,-10
252541,30,-10
252581,28,-10
252625,32,-10
252666,35,-10
252707,37,-10
252748,44,10
252789,51,10
252829,67,10
252869,60,10
252909,56,10
252949,42,10
252989,40,0
253030,36,-10
253071,29,-10
253115,27,-10
253156,34,-10
253196,42,10
253237,51,10
253277,55,10
253321,51,10
253366,42,10
253407,35,-10
253447,26,-10
253487,22,-10
253529,24,-10
253573,35,-10
253616,39,-10
253657,48,10
253701,55,10
253745,57,10
253787,48,10
253827,40,0
253867,33,-10
253909,29,-10
253949,31,-10
253989,36,-10
254029,41,10
254069,44,10
254109,48,10
254149,45,10
254189,40,0
254229,29,-10
254270,25,-10
254315,27,-10
254356,35,-10
254397,44,10
254437,45,10
254478,49,10
254518,47,10
254559,41,10
254605,38,-10
254646,29,-10
254689,30,-10
254730,33,-10
254771,42,10
254815,44,10
254856,48,10
254901,47,10
254945,39,-10
254987,33,-10
255027,29,-10
255067,34,-10
255107,42,10
255148,45,10
255188,47,10
255229,43,10
255270,39,-10
255310,34,-10
255351,30,-10
255395,33,-10
255436,42,10
255476,46,10
255517,47,10
255557,45,10
255599,36,-10
255640,29,-10
255681,28,-10
255722,28,-10
255763,35,-10
255806,39,-10
255846,43,10
255891,51,10
255934,54,10
255976,55,10
256017,47,10
256057,42,10
256097,35,-10
256138,29,-10
256179,27,-10
256219,24,-10
256259,35,-10
256299,46,10
256342,51,10
256386,53,10
256427,45,10
256467,39,-10
256508,36,-10
256548,31,-10
256589,33,-10
256630,40,0
256671,42,10
256711,45,10
256751,44,10
256795,37,-10
256836,34,-10
256876,32,-10
256917,34,-10
256957,41,10
256997,46,10
257038,48,10
257079,44,10
257121,39,-10
257161,31,-10
257205,31,-10
257246,32,-10
257287,39,-10
257327,42,10
257367,46,10
257408,50,10
257448,47,10
257489,44,10
257529,40,0
257569,39,-10
257609,37,-10
257649,36,-10
257690,41,10
257734,45,10
257776,48,10
257817,46,10
257858,41,10
257899,40,0
257940,34,-10
257980,32,-10
258021,32,-10
258065,37,-10
258110,40,0
258152,47,10
258195,48,10
258236,45,10
258277,42,10
258317,37,-10
258358,32,-10
258399,31,-10
258439,32,-10
258479,39,-10
258519,43,10
258567,46,10
258607,45,10
270130,42,10
270170,38,-10
270210,36,-10
270257,32,-10
270297,31,-10
270339,35,-10
270379,37,-10
270426,40,0
270467,42,10
270507,45,10
270548,45,10
270589,44,10
270636,40,0
270677,38,-10
270717,36,-10
270759,37,-10
270800,43,10
270844,46,10
270886,49,10
270927,45,10
270967,43,10
271007,43,10
271048,41,10
271088,33,-10
271129,37,-10
271170,34,-10
271215,32,-10
271256,28,-10
271299,30,-10
271340,35,-10
271380,40,0
271420,44,10
271460,46,10
271500,45,10
271541,42,10
271584,36,-10
271626,32,-10
271666,30,-10
271707,34,-10
271749,40,0
271793,42,10
271836,43,10
271877,43,10
271917,40,0
271958,35,-10
271999,31,-10
272039,31,-10
272079,38,-10
272119,43,10
272159,51,10
272200,54,10
272241,52,10
272285,45,10
272327,40,0
272369,36,-10
272410,40,0
272454,43,10
272496,40,0
272537,33,-10
272581,24,-10
272625,24,-10
272666,29,-10
272707,36,-10
272748,43,10
272788,50,10
272829,52,10
272870,48,10
272910,42,10
272950,33,-10
272990,32,-10
273031,26,-10
273075,33,-10
273116,37,-10
273157,44,10
273197,51,10
273238,54,10
273278,50,10
273318,43,10
273358,37,-10
273406,33,-10
273449,28,-10
273491,37,-10
273535,40,0
273575,44,10
273618,52,10
273659,51,10
273699,45,10
273741,42,10
273784,30,-10
273826,26,-10
273867,24,-10
273907,30,-10
273947,36,-10
273988,40,0
274028,43,10
274068,48,10
274109,43,10
274150,42,10
274191,39,-10
274235,36,-10
274276,34,-10
274317,32,-10
274365,40,0
274406,41,10
274447,45,10
274490,42,10
274530,39,-10
274571,35,-10
274611,31,-10
274655,36,-10
274696,40,0
274737,48,10
274777,51,10
274817,49,10
274858,45,10
274898,37,-10
274939,28,-10
274979,26,-10
275021,31,-10
275061,44,10
275101,56,10
275148,59,10
275191,53,10
275235,42,10
275282,34,-10
275324,27,-10
275367,22,-10
275407,26,-10
275450,39,-10
275490,45,10
275530,48,10
275573,52,10
275618,42,10
275659,32,-10
275699,31,-10
275740,28,-10
275780,30,-10
275821,38,-10
275865,44,10
275906,54,10
275946,57,10
275986,53,10
276026,46,10
276067,39,-10
276107,34,-10
276148,28,-10
276189,33,-10
276236,42,10
276277,47,10
276318,50,10
276359,47,10
276400,41,10
276440,37,-10
276480,33,-10
276520,29,-10
276561,33,-10
276601,40,0
276646,46,10
276686,46,10
276727,45,10
276767,43,10
276807,37,-10
276847,31,-10
276887,29,-10
276929,35,-10
276969,40,0
277009,44,10
277049,45,10
277089,44,10
277130,38,-10
277170,35,-10
277214,32,-10
277256,34,-10
277297,41,10
277338,43,10
277378,45,10
277418,43,10
277459,35,-10
277499,33,-10
277539,29,-10
277579,28,-10
277619,33,-10
277660,38,-10
277700,43,10
277744,47,10
277787,54,10
277828,52,10
277869,50,10
277909,41,10
277949,36,-10
277989,29,-10
278029,27,-10
278069,30,-10
278109,36,-10
278150,45,10
278190,51,10
278235,53,10
278276,47,10
278317,40,0
278358,35,-10
278400,30,-10
278440,31,-10
278481,33,-10
278521,43,10
278567,48,10
278607,51,10
278649,46,10
278693,36,-10
278736,33,-10
278776,31,-10
278816,35,-10
278857,41,10
278897,51,10
278939,55,10
278979,50,10
279019,40,0
279059,32,-10
279099,30,-10
279139,32,-10
279179,35,-10
279219,42,10
279259,45,10
279300,49,10
279345,44,10
279385,41,10
279427,36,-10
279469,30,-10
279511,29,-10
279556,32,-10
279596,37,-10
279636,40,0
279676,44,10
279716,47,10
279760,45,10
279800,41,10
279840,39,-10
279884,36,-10
279927,31,-10
279967,36,-10
280007,37,-10
280047,41,10
280088,44,10
280129,46,10
280169,44,10
280211,41,10
280255,39,-10
280296,36,-10
280337,34,-10
280378,37,-10
280419,44,10
280461,47,10
280501,51,10
280545,45,10
280588,41,10
280637,38,-10
280677,30,-10
280718,25,-10
280766,33,-10
280807,40,0
280848,43,10
280891,48,10
280932,49,10
280976,45,10
281016,35,-10
281056,32,-10
281097,29,-10
281137,33,-10
281177,36,-10
281218,40,0
281259,42,10
281300,45,10
281340,42,10
281380,40,0
281420,36,-10
281464,30,-10
281506,34,-10
281549,36,-10
281589,40,0
281631,42,10
281671,47,10
281715,48,10
281756,45,10
281797,43,10
281839,37,-10
281882,34,-10
281926,24,-10
281967,28,-10
282009,35,-10
282049,40,0
282090,43,10
282131,45,10
282171,46,10
282211,45,10
282251,42,10
282293,40,0
282337,35,-10
282378,32,-10
282419,34,-10
282459,37,-10
282499,40,0
282540,44,10
282581,48,10
282623,48,10
282666,43,10
282707,39,-10
282755,39,-10
282796,35,-10
282837,39,-10
282881,44,10
282922,45,10
282966,49,10
283007,47,10
283047,41,10
283087,36,-10
283127,35,-10
283167,30,-10
283207,31,-10
283248,38,-10
283289,40,0
283329,42,10
283370,46,10
283411,44,10
283456,40,0
283497,35,-10
283546,31,-10
283586,32,-10
283626,38,-10
283666,43,10
283707,45,10
283748,47,10
283788,44,10
283828,42,10
283869,42,10
283909,36,-10
283952,30,-10
283997,30,-10
284037,32,-10
284077,36,-10
284119,40,0
284159,44,10
284200,44,10
284240,42,10
284280,40,0
284320,35,-10
284361,31,-10
284405,32,-10
284446,35,-10
284487,39,-10
284527,43,10
284567,48,10
284608,49,10
284649,48,10
284691,44,10
284735,43,10
284776,40,0
284817,34,-10
284857,30,-10
284897,30,-10
284937,33,-10
284977,39,-10
285025,41,10
285066,45,10
285106,47,10
285146,45,10
285187,43,10
285227,41,10
285267,39,-10
285310,37,-10
285353,34,-10
285397,36,-10
285438,41,10
285479,44,10
285519,46,10
285560,45,10
285604,41,10
285645,38,-10
285689,33,-10
285729,31,-10
285770,35,-10
285811,39,-10
285855,44,10
285896,48,10
285937,49,10
285979,48,10
286019,42,10
286059,37,-10
286102,36,-10
286146,33,-10
286187,37,-10
286228,42,10
286269,45,10
286310,45,10
286351,39,-10
286396,35,-10
286437,33,-10
286478,39,-10
286518,44,10
286558,48,10
297226,49,10
297267,45,10
297307,41,10
297349,38,-10
297389,36,-10
297429,33,-10
297469,35,-10
297509,43,10
297549,46,10
297589,48,10
297631,47,10
297675,46,10
297716,43,10
297757,40,0
297797,36,-10
297837,33,-10
297877,34,-10
297918,41,10
297958,49,10
297999,52,10
298039,49,10
298079,47,10
298119,42,10
298159,40,0
298199,37,-10
298239,32,-10
298279,30,-10
298319,37,-10
298359,42,10
298400,45,10
298440,50,10
298480,48,10
298524,44,10
298566,38,-10
298607,36,-10
298648,34,-10
298689,35,-10
298729,40,0
298769,45,10
298810,49,10
298851,48,10
298891,47,10
298934,41,10
298976,36,-10
299016,32,-10
299057,32,-10
299098,30,-10
299145,36,-10
299187,43,10
299227,46,10
299267,49,10
299307,46,10
299347,40,0
299387,35,-10
299427,32,-10
299467,33,-10
299507,37,-10
299553,44,10
299596,49,10
299639,54,10
299680,51,10
299720,49,10
299760,42,10
299800,38,-10
299841,29,-10
299884,28,-10
299926,32,-10
299967,36,-10
300007,44,10
300049,50,10
300090,52,10
300134,48,10
300176,40,0
300216,33,-10
300259,30,-10
300300,31,-10
300341,32,-10
300385,36,-10
300426,45,10
300467,51,10
300508,55,10
300549,52,10
300589,47,10
300633,43,10
300676,37,-10
300717,29,-10
300758,27,-10
300798,31,-10
300845,41,10
300886,49,10
300927,53,10
300967,50,10
301008,44,10
301049,39,-10
301089,34,-10
301130,30,-10
301170,37,-10
301215,46,10
301256,50,10
301297,52,10
301337,45,10
301377,40,0
301417,35,-10
301458,28,-10
301499,29,-10
301540,38,-10
301585,44,10
301626,48,10
301676,49,10
301717,43,10
301761,38,-10
301806,34,-10
301851,31,-10
301891,33,-10
301931,38,-10
301976,43,10
302017,47,10
302057,52,10
302097,48,10
302138,41,10
302179,45,10
302220,39,-10
302260,45,10
302301,34,-10
302345,29,-10
302386,27,-10
302426,29,-10
302467,33,-10
302515,42,10
302556,50,10
302597,53,10
302637,49,10
302677,42,10
302717,37,-10
302757,32,-10
302797,29,-10
302838,32,-10
302879,39,-10
302920,43,10
302961,46,10
303005,48,10
303046,43,10
303089,38,-10
303131,31,-10
303175,31,-10
303217,35,-10
303257,40,0
303297,43,10
303337,46,10
303377,46,10
303421,40,0
303462,35,-10
303505,34,-10
303548,34,-10
303589,41,10
303633,45,10
303676,51,10
303717,47,10
303759,39,-10
303799,32,-10
303839,30,-10
303881,34,-10
303926,44,10
303966,46,10
304007,50,10
304047,46,10
304087,42,10
304128,35,-10
304170,31,-10
304214,29,-10
304257,32,-10
304299,40,0
304343,43,10
304386,47,10
304426,45,10
304467,41,10
304507,34,-10
304547,30,-10
304587,28,-10
304627,32,-10
304669,35,-10
304710,40,0
304750,45,10
304796,48,10
304836,48,10
304877,43,10
304917,38,-10
304957,35,-10
304997,32,-10
305038,35,-10
305079,40,0
305119,43,10
305159,48,10
305199,47,10
305239,43,10
305279,39,-10
305320,36,-10
305360,35,-10
305405,35,-10
305446,41,10
305487,54,10
305527,53,10
305567,48,10
305609,45,10
305649,40,0
305689,37,-10
305729,31,-10
305769,31,-10
305809,32,-10
305850,35,-10
305895,44,10
305936,47,10
305976,49,10
306016,48,10
306056,44,10
306096,38,-10
306137,34,-10
306177,30,-10
306217,32,-10
306257,36,-10
306297,39,-10
306337,41,10
306379,44,10
306420,46,10
306460,45,10
306500,43,10
306541,40,0
306585,37,-10
306626,37,-10
306666,38,-10
306707,42,10
306747,44,10
306787,43,10
306828,42,10
306870,36,-10
306910,33,-10
306953,33,-10
306996,37,-10
307037,43,10
307079,45,10
307123,47,10
307165,45,10
307206,44,10
307246,40,0
307287,35,-10
307328,33,-10
307370,34,-10
307411,38,-10
307456,44,10
307497,46,10
307538,50,10
307579,48,10
307619,45,10
307660,42,10
307704,40,0
307745,34,-10
307786,30,-10
307827,29,-10
307870,31,-10
307911,35,-10
307957,40,0
307999,43,10
308040,46,10
308081,46,10
308125,42,10
308166,35,-10
308207,32,-10
308247,25,-10
308289,30,-10
308334,35,-10
308376,40,0
308416,46,10
308457,50,10
308497,53,10
308538,47,10
308579,47,10
308620,37,-10
308668,34,-10
308708,32,-10
308749,31,-10
308795,32,-10
308836,41,10
308876,44,10
308917,45,10
308957,42,10
309000,34,-10
309041,29,-10
309082,27,-10
309126,29,-10
309167,39,-10
309207,43,10
309249,48,10
309289,53,10
309331,51,10
309375,45,10
309416,38,-10
309457,35,-10
309497,31,-10
309538,34,-10
309578,39,-10
309619,42,10
309660,45,10
309705,48,10
309746,45,10
309787,41,10
309827,37,-10
309868,33,-10
309908,31,-10
309948,33,-10
309988,36,-10
310028,41,10
310069,47,10
310115,49,10
310156,47,10
310197,42,10
310237,36,-10
310281,33,-10
310322,31,-10
310362,31,-10
310403,39,-10
310446,44,10
310487,48,10
310527,51,10
310567,49,10
310608,44,10
310649,40,0
310689,36,-10
310729,33,-10
310770,32,-10
310815,37,-10
310856,44,10
310897,46,10
310943,48,10
310986,43,10
311027,39,-10
311067,32,-10
311107,29,-10
311147,33,-10
311187,39,-10
311227,46,10
311267,51,10
311307,53,10
311347,51,10
311393,46,10
311436,38,-10
311481,32,-10
311525,30,-10
311566,32,-10
311607,39,-10
311647,44,10
311687,49,10
311729,59,10
311769,54,10
311809,52,10
311849,45,10
311889,42,10
311931,33,-10
311975,26,-10
312016,24,-10
312057,26,-10
312097,30,-10
312138,33,-10
312179,40,0
312220,44,10
312260,49,10
312300,48,10
312346,44,10
312386,39,-10
312427,35,-10
312467,32,-10
312508,33,-10
312548,39,-10
312589,44,10
312630,46,10
312670,49,10
312711,47,10
312756,44,10
312796,40,0
312836,35,-10
312877,32,-10
312917,31,-10
312957,38,-10
312997,42,10
313037,45,10
313083,47,10
313126,43,10
313167,39,-10
313214,33,-10
313257,33,-10
313298,34,-10
313338,42,10
313379,45,10
313421,46,10
313466,42,10
313506,37,-10
313546,33,-10
313587,32,-10
313627,36,-10
313667,41,10
313707,46,10
325816,43,10
325856,39,-10
325897,34,-10
325939,32,-10
325982,35,-10
326026,40,0
326066,41,10
326106,45,10
326147,44,10
326187,41,10
326229,38,-10
326269,33,-10
326309,31,-10
326349,36,-10
326389,39,-10
326429,43,10
326469,48,10
326510,51,10
326550,52,10
326590,48,10
326631,47,10
326671,45,10
326715,38,-10
326757,34,-10
326798,29,-10
326839,33,-10
326879,45,10
326919,53,10
326959,62,10
327000,60,10
327044,47,10
327086,43,10
327127,38,-10
327171,30,-10
327215,27,-10
327256,31,-10
327297,35,-10
327337,38,-10
327383,43,10
327426,47,10
327466,49,10
327507,47,10
327548,40,0
327588,36,-10
327629,33,-10
327670,33,-10
327711,37,-10
327755,43,10
327797,47,10
327840,48,10
327881,44,10
327925,37,-10
327966,32,-10
328007,28,-10
328055,32,-10
328096,39,-10
328137,44,10
328177,48,10
328217,51,10
328257,49,10
328298,43,10
328340,38,-10
328380,35,-10
328420,32,-10
328461,41,10
328506,47,10
328546,51,10
328586,43,10
328627,33,-10
328668,29,-10
328708,25,-10
328749,29,-10
328789,35,-10
328830,42,10
328871,50,10
328915,52,10
328956,47,10
328996,35,-10
329036,29,-10
329078,26,-10
329118,28,-10
329159,37,-10
329199,45,10
329240,51,10
329280,56,10
329325,50,10
329366,40,0
329407,36,-10
329448,30,-10
329490,31,-10
329530,37,-10
329574,48,10
329616,50,10
329656,50,10
329697,44,10
329737,41,10
329777,36,-10
329818,33,-10
329859,30,-10
329901,35,-10
329946,37,-10
329987,43,10
330028,50,10
330069,52,10
330110,42,10
330150,39,-10
330190,34,-10
330231,30,-10
330275,37,-10
330316,48,10
330357,55,10
330398,55,10
330439,50,10
330479,47,10
330519,37,-10
330559,32,-10
330599,30,-10
330640,33,-10
330680,41,10
330724,46,10
330766,46,10
330807,43,10
330853,34,-10
330896,29,-10
330938,25,-10
330978,29,-10
331018,33,-10
331059,36,-10
331100,40,0
331145,43,10
331186,47,10
331227,48,10
331267,46,10
331310,42,10
331350,40,0
331390,34,-10
331431,32,-10
331471,32,-10
331511,38,-10
331551,41,10
331591,43,10
331631,47,10
331675,44,10
331716,38,-10
331757,35,-10
331798,34,-10
331840,37,-10
331880,44,10
331923,48,10
331967,49,10
332009,45,10
332049,39,-10
332089,33,-10
332129,32,-10
332170,35,-10
332211,42,10
332251,45,10
332296,47,10
332337,44,10
332378,39,-10
332418,37,-10
332459,34,-10
332500,36,-10
332540,44,10
332580,47,10
332620,47,10
332661,46,10
332701,40,0
332741,36,-10
332786,33,-10
332827,34,-10
332867,40,0
332907,44,10
332948,46,10
332989,45,10
333030,41,10
333070,38,-10
333111,33,-10
333157,30,-10
333197,30,-10
333237,35,-10
333278,40,0
333318,40,0
333359,45,10
333401,49,10
333445,46,10
333487,41,10
333527,37,-10
333571,33,-10
333612,31,-10
333653,34,-10
333696,37,-10
333737,43,10
333777,46,10
333817,46,10
333857,43,10
333897,40,0
333937,33,-10
333984,31,-10
334026,32,-10
334067,39,-10
334107,42,10
334148,43,10
334188,47,10
334228,45,10
334270,41,10
334311,40,0
334351,38,-10
334391,32,-10
334432,32,-10
334476,38,-10
334516,40,0
334556,41,10
334597,42,10
334638,43,10
334680,40,0
334720,36,-10
334761,35,-10
334801,35,-10
334841,38,-10
334881,42,10
334921,45,10
334965,46,10
335006,44,10
335047,41,10
335087,38,-10
335129,36,-10
335170,33,-10
335210,34,-10
335254,41,10
335296,45,10
335339,47,10
335387,45,10
335428,39,-10
335469,36,-10
335510,34,-10
335551,36,-10
335591,43,10
335631,52,10
335675,53,10
335717,52,10
335758,45,10
335799,40,0
335839,37,-10
335880,30,-10
335920,32,-10
335960,36,-10
336001,43,10
336041,47,10
336081,51,10
336125,48,10
336166,34,-10
336207,31,-10
336247,28,-10
336287,30,-10
336327,38,-10
336368,44,10
336408,49,10
336450,55,10
336490,54,10
336530,44,10
336570,38,-10
336610,32,-10
336650,26,-10
336691,31,-10
336735,38,-10
336776,41,10
336817,45,10
336858,48,10
336899,46,10
336939,39,-10
336979,35,-10
337020,32,-10
337060,35,-10
337111,43,10
337153,48,10
337196,51,10
337239,48,10
337281,44,10
337325,37,-10
337365,29,-10
337407,26,-10
337448,27,-10
337490,33,-10
337531,41,10
337571,47,10
337611,52,10
337655,45,10
337696,39,-10
337737,34,-10
337777,30,-10
337819,38,-10
337860,49,10
337901,54,10
337942,56,10
337986,52,10
338027,42,10
338068,36,-10
338109,32,-10
338150,30,-10
338191,35,-10
338236,41,10
338276,51,10
338317,54,10
338358,51,10
338399,39,-10
338439,34,-10
338479,30,-10
338519,36,-10
338560,43,10
338601,48,10
338642,50,10
338686,46,10
338727,37,-10
338768,30,-10
338808,29,-10
338848,33,-10
338888,37,-10
338928,42,10
338968,44,10
339009,43,10
339049,41,10
339089,37,-10
339129,34,-10
339171,30,-10
339212,34,-10
339253,40,0
339293,43,10
339334,45,10
339377,46,10
339418,45,10
339466,37,-10
339507,33,-10
339547,32,-10
339590,36,-10
339633,43,10
339673,49,10
339716,43,10
339757,46,10
339797,40,0
339838,37,-10
339879,30,-10
339920,31,-10
339964,41,10
340006,47,10
